filename,N_gt,N_asr,M,S,I,D,wer,recall,precision,f1_score
common_voice_he_38094124,7,7,3,3,1,1,0.714,0.429,0.429,0.429
common_voice_he_38085646,8,8,4,3,1,1,0.625,0.500,0.500,0.500
common_voice_he_38568967,10,7,4,3,0,3,0.600,0.400,0.571,0.471
common_voice_he_38118861,6,7,4,2,1,0,0.500,0.667,0.571,0.615
common_voice_he_38118869,4,4,2,2,0,0,0.500,0.500,0.500,0.500
common_voice_he_38118867,10,11,6,4,1,0,0.500,0.600,0.545,0.571
common_voice_he_38078783,6,6,3,3,0,0,0.500,0.500,0.500,0.500
common_voice_he_38196123,6,5,3,2,0,1,0.500,0.500,0.600,0.545
common_voice_he_38078787,8,8,4,4,0,0,0.500,0.500,0.500,0.500
common_voice_he_40909677,9,9,5,4,0,0,0.444,0.556,0.556,0.556
common_voice_he_38744647,7,8,5,2,1,0,0.429,0.714,0.625,0.667
common_voice_he_38104809,7,6,4,2,0,1,0.429,0.571,0.667,0.615
common_voice_he_38085644,8,9,6,2,1,0,0.375,0.750,0.667,0.706
common_voice_he_38568963,8,7,5,2,0,1,0.375,0.625,0.714,0.667
common_voice_he_38078773,6,6,4,2,0,0,0.333,0.667,0.667,0.667
common_voice_he_38142067,6,7,5,1,1,0,0.333,0.833,0.714,0.769
common_voice_he_40972185,6,6,4,2,0,0,0.333,0.667,0.667,0.667
common_voice_he_38085637,6,6,4,2,0,0,0.333,0.667,0.667,0.667
common_voice_he_38568964,15,14,10,4,0,1,0.333,0.667,0.714,0.690
common_voice_he_38196115,3,3,2,1,0,0,0.333,0.667,0.667,0.667
common_voice_he_38146666,16,17,12,4,1,0,0.312,0.750,0.706,0.727
common_voice_he_38118877,10,10,7,3,0,0,0.300,0.700,0.700,0.700
common_voice_he_38568966,20,20,15,4,1,1,0.300,0.750,0.750,0.750
common_voice_he_38094118,7,7,5,2,0,0,0.286,0.714,0.714,0.714
common_voice_he_38118879,14,14,10,4,0,0,0.286,0.714,0.714,0.714
common_voice_he_43281934,7,6,5,1,0,1,0.286,0.714,0.833,0.769
common_voice_he_38118863,7,7,5,2,0,0,0.286,0.714,0.714,0.714
common_voice_he_38142087,11,11,8,3,0,0,0.273,0.727,0.727,0.727
common_voice_he_38142076,8,7,6,1,0,1,0.250,0.750,0.857,0.800
common_voice_he_38115879,16,16,13,2,1,1,0.250,0.812,0.812,0.812
common_voice_he_38094126,8,9,7,1,1,0,0.250,0.875,0.778,0.824
common_voice_he_38078776,20,19,16,2,1,2,0.250,0.800,0.842,0.821
common_voice_he_40909695,8,8,6,2,0,0,0.250,0.750,0.750,0.750
common_voice_he_39327082,8,9,7,1,1,0,0.250,0.875,0.778,0.824
common_voice_he_39771116,8,9,7,1,1,0,0.250,0.875,0.778,0.824
common_voice_he_38078771,13,14,11,2,1,0,0.231,0.846,0.786,0.815
common_voice_he_38142089,9,9,7,2,0,0,0.222,0.778,0.778,0.778
common_voice_he_38196122,9,8,7,1,0,1,0.222,0.778,0.875,0.824
common_voice_he_39327138,9,10,8,1,1,0,0.222,0.889,0.800,0.842
common_voice_he_38118876,14,15,12,2,1,0,0.214,0.857,0.800,0.828
common_voice_he_38142097,14,14,11,3,0,0,0.214,0.786,0.786,0.786
common_voice_he_41486336,14,15,12,2,1,0,0.214,0.857,0.800,0.828
common_voice_he_38118866,10,9,8,1,0,1,0.200,0.800,0.889,0.842
common_voice_he_38118868,5,5,4,1,0,0,0.200,0.800,0.800,0.800
common_voice_he_38085633,10,10,8,2,0,0,0.200,0.800,0.800,0.800
common_voice_he_38146706,5,5,4,1,0,0,0.200,0.800,0.800,0.800
common_voice_he_40972184,10,9,8,1,0,1,0.200,0.800,0.889,0.842
common_voice_he_38078784,10,10,8,2,0,0,0.200,0.800,0.800,0.800
common_voice_he_38142099,10,10,8,2,0,0,0.200,0.800,0.800,0.800
common_voice_he_38078777,11,11,9,2,0,0,0.182,0.818,0.818,0.818
common_voice_he_38078779,11,11,9,2,0,0,0.182,0.818,0.818,0.818
common_voice_he_38195452,11,11,9,2,0,0,0.182,0.818,0.818,0.818
common_voice_he_40067777,11,11,10,0,1,1,0.182,0.909,0.909,0.909
common_voice_he_39771175,17,19,16,1,2,0,0.176,0.941,0.842,0.889
common_voice_he_38085636,6,6,5,1,0,0,0.167,0.833,0.833,0.833
common_voice_he_39327147,6,6,5,1,0,0,0.167,0.833,0.833,0.833
common_voice_he_38094117,6,6,5,1,0,0,0.167,0.833,0.833,0.833
common_voice_he_38085653,18,17,15,2,0,1,0.167,0.833,0.882,0.857
common_voice_he_41605172,12,13,11,1,1,0,0.167,0.917,0.846,0.880
common_voice_he_38094979,6,6,5,1,0,0,0.167,0.833,0.833,0.833
common_voice_he_40978528,6,6,5,1,0,0,0.167,0.833,0.833,0.833
common_voice_he_40001949,6,6,5,1,0,0,0.167,0.833,0.833,0.833
common_voice_he_39937266,6,6,5,1,0,0,0.167,0.833,0.833,0.833
common_voice_he_39753641,6,6,5,1,0,0,0.167,0.833,0.833,0.833
common_voice_he_38142068,12,12,10,2,0,0,0.167,0.833,0.833,0.833
common_voice_he_38142081,13,12,11,1,0,1,0.154,0.846,0.917,0.880
common_voice_he_39831320,14,15,13,1,1,0,0.143,0.929,0.867,0.897
common_voice_he_38078780,14,14,12,2,0,0,0.143,0.857,0.857,0.857
common_voice_he_38146705,7,7,6,1,0,0,0.143,0.857,0.857,0.857
common_voice_he_39771208,14,14,12,2,0,0,0.143,0.857,0.857,0.857
common_voice_he_41019364,7,7,6,1,0,0,0.143,0.857,0.857,0.857
common_voice_he_39659793,7,7,6,1,0,0,0.143,0.857,0.857,0.857
common_voice_he_38744643,14,13,12,1,0,1,0.143,0.857,0.923,0.889
common_voice_he_38078786,7,6,6,0,0,1,0.143,0.857,1,0.923
common_voice_he_39326852,7,7,6,1,0,0,0.143,0.857,0.857,0.857
common_voice_he_41486375,7,7,6,1,0,0,0.143,0.857,0.857,0.857
common_voice_he_41486357,7,7,6,1,0,0,0.143,0.857,0.857,0.857
common_voice_he_43281947,7,7,6,1,0,0,0.143,0.857,0.857,0.857
common_voice_he_40909690,7,6,6,0,0,1,0.143,0.857,1,0.923
common_voice_he_39327024,14,13,12,1,0,1,0.143,0.857,0.923,0.889
common_voice_he_38085651,7,7,6,1,0,0,0.143,0.857,0.857,0.857
common_voice_he_38094981,7,7,6,1,0,0,0.143,0.857,0.857,0.857
common_voice_he_38094128,7,8,7,0,1,0,0.143,1,0.875,0.933
common_voice_he_38883183,7,7,6,1,0,0,0.143,0.857,0.857,0.857
common_voice_he_38085649,15,14,13,1,0,1,0.133,0.867,0.929,0.897
common_voice_he_38085645,15,15,13,2,0,0,0.133,0.867,0.867,0.867
common_voice_he_40067775,8,7,7,0,0,1,0.125,0.875,1,0.933
common_voice_he_38196124,8,8,7,1,0,0,0.125,0.875,0.875,0.875
common_voice_he_39327084,16,17,15,1,1,0,0.125,0.938,0.882,0.909
common_voice_he_41616616,8,8,7,1,0,0,0.125,0.875,0.875,0.875
common_voice_he_39753227,8,8,7,1,0,0,0.125,0.875,0.875,0.875
common_voice_he_38078774,8,8,7,1,0,0,0.125,0.875,0.875,0.875
common_voice_he_39326856,8,8,7,1,0,0,0.125,0.875,0.875,0.875
common_voice_he_39326855,8,8,7,1,0,0,0.125,0.875,0.875,0.875
common_voice_he_38142080,16,16,14,2,0,0,0.125,0.875,0.875,0.875
common_voice_he_38146696,8,8,7,1,0,0,0.125,0.875,0.875,0.875
common_voice_he_41486356,8,8,7,1,0,0,0.125,0.875,0.875,0.875
common_voice_he_41616655,9,10,9,0,1,0,0.111,1,0.900,0.947
common_voice_he_38142071,9,9,8,1,0,0,0.111,0.889,0.889,0.889
common_voice_he_39326826,9,9,8,1,0,0,0.111,0.889,0.889,0.889
common_voice_he_38623349,9,9,8,1,0,0,0.111,0.889,0.889,0.889
common_voice_he_39771177,9,8,8,0,0,1,0.111,0.889,1,0.941
common_voice_he_38085648,9,9,8,1,0,0,0.111,0.889,0.889,0.889
common_voice_he_39937271,9,9,8,1,0,0,0.111,0.889,0.889,0.889
common_voice_he_41605186,9,9,8,1,0,0,0.111,0.889,0.889,0.889
common_voice_he_39350851,9,8,8,0,0,1,0.111,0.889,1,0.941
common_voice_he_39327199,9,9,8,1,0,0,0.111,0.889,0.889,0.889
common_voice_he_43313117,9,9,8,1,0,0,0.111,0.889,0.889,0.889
common_voice_he_40137983,18,19,17,1,1,0,0.111,0.944,0.895,0.919
common_voice_he_40978609,9,9,8,1,0,0,0.111,0.889,0.889,0.889
common_voice_he_39753226,9,9,8,1,0,0,0.111,0.889,0.889,0.889
common_voice_he_39844332,9,9,8,1,0,0,0.111,0.889,0.889,0.889
common_voice_he_38078781,9,9,8,1,0,0,0.111,0.889,0.889,0.889
common_voice_he_40978542,9,9,8,1,0,0,0.111,0.889,0.889,0.889
common_voice_he_38104806,9,9,8,1,0,0,0.111,0.889,0.889,0.889
common_voice_he_41616697,19,19,18,0,1,1,0.105,0.947,0.947,0.947
common_voice_he_38142090,19,19,17,2,0,0,0.105,0.895,0.895,0.895
common_voice_he_41869860,19,18,17,1,0,1,0.105,0.895,0.944,0.919
common_voice_he_39937157,20,20,18,2,0,0,0.100,0.900,0.900,0.900
common_voice_he_41605201,10,10,9,1,0,0,0.100,0.900,0.900,0.900
common_voice_he_38146664,10,10,9,1,0,0,0.100,0.900,0.900,0.900
common_voice_he_40137980,10,10,9,1,0,0,0.100,0.900,0.900,0.900
common_voice_he_40001956,10,10,9,1,0,0,0.100,0.900,0.900,0.900
common_voice_he_38744646,10,10,9,1,0,0,0.100,0.900,0.900,0.900
common_voice_he_39327095,10,11,10,0,1,0,0.100,1,0.909,0.952
common_voice_he_39785425,10,10,9,1,0,0,0.100,0.900,0.900,0.900
common_voice_he_39831294,10,10,9,1,0,0,0.100,0.900,0.900,0.900
common_voice_he_39659794,10,10,9,1,0,0,0.100,0.900,0.900,0.900
common_voice_he_41605214,10,10,9,1,0,0,0.100,0.900,0.900,0.900
common_voice_he_40977316,20,20,18,2,0,0,0.100,0.900,0.900,0.900
common_voice_he_38118874,10,10,9,1,0,0,0.100,0.900,0.900,0.900
common_voice_he_40612862,21,21,19,2,0,0,0.095,0.905,0.905,0.905
common_voice_he_38104834,11,11,10,1,0,0,0.091,0.909,0.909,0.909
common_voice_he_38142073,11,10,10,0,0,1,0.091,0.909,1,0.952
common_voice_he_38118870,11,11,10,1,0,0,0.091,0.909,0.909,0.909
common_voice_he_42922381,11,11,10,1,0,0,0.091,0.909,0.909,0.909
common_voice_he_43313119,11,11,10,1,0,0,0.091,0.909,0.909,0.909
common_voice_he_41616758,12,12,11,1,0,0,0.083,0.917,0.917,0.917
common_voice_he_39753068,12,12,11,1,0,0,0.083,0.917,0.917,0.917
common_voice_he_41616625,12,12,11,1,0,0,0.083,0.917,0.917,0.917
common_voice_he_38568965,12,12,11,1,0,0,0.083,0.917,0.917,0.917
common_voice_he_40909682,12,12,11,1,0,0,0.083,0.917,0.917,0.917
common_voice_he_38115877,12,12,11,1,0,0,0.083,0.917,0.917,0.917
common_voice_he_38623348,12,12,11,1,0,0,0.083,0.917,0.917,0.917
common_voice_he_39937168,12,12,11,1,0,0,0.083,0.917,0.917,0.917
common_voice_he_39753055,13,14,13,0,1,0,0.077,1,0.929,0.963
common_voice_he_38142101,13,13,12,1,0,0,0.077,0.923,0.923,0.923
common_voice_he_39327183,13,13,12,1,0,0,0.077,0.923,0.923,0.923
common_voice_he_38146702,13,13,12,1,0,0,0.077,0.923,0.923,0.923
common_voice_he_38078785,13,13,12,1,0,0,0.077,0.923,0.923,0.923
common_voice_he_39753088,14,14,13,1,0,0,0.071,0.929,0.929,0.929
common_voice_he_38118859,14,14,13,1,0,0,0.071,0.929,0.929,0.929
common_voice_he_38085657,14,14,13,1,0,0,0.071,0.929,0.929,0.929
common_voice_he_39753600,14,14,13,1,0,0,0.071,0.929,0.929,0.929
common_voice_he_39327152,15,15,14,1,0,0,0.067,0.933,0.933,0.933
common_voice_he_39327065,15,14,14,0,0,1,0.067,0.933,1,0.966
common_voice_he_40612866,15,15,14,1,0,0,0.067,0.933,0.933,0.933
common_voice_he_40909689,15,15,14,1,0,0,0.067,0.933,0.933,0.933
common_voice_he_39785418,15,15,14,1,0,0,0.067,0.933,0.933,0.933
common_voice_he_40909692,16,16,15,1,0,0,0.062,0.938,0.938,0.938
common_voice_he_39327198,17,17,16,1,0,0,0.059,0.941,0.941,0.941
common_voice_he_39326865,18,18,17,1,0,0,0.056,0.944,0.944,0.944
common_voice_he_38078782,19,19,18,1,0,0,0.053,0.947,0.947,0.947
common_voice_he_43503055,19,19,18,1,0,0,0.053,0.947,0.947,0.947
common_voice_he_39327041,20,20,19,1,0,0,0.050,0.950,0.950,0.950
common_voice_he_39753586,23,23,22,1,0,0,0.043,0.957,0.957,0.957
common_voice_he_39753639,10,10,10,0,0,0,0,1,1,1
common_voice_he_39753541,9,9,9,0,0,0,0,1,1,1
common_voice_he_39753615,8,8,8,0,0,0,0,1,1,1
common_voice_he_39753616,10,10,10,0,0,0,0,1,1,1
common_voice_he_39753618,9,9,9,0,0,0,0,1,1,1
common_voice_he_39753542,11,11,11,0,0,0,0,1,1,1
common_voice_he_39753620,6,6,6,0,0,0,0,1,1,1
common_voice_he_39753631,19,19,19,0,0,0,0,1,1,1
common_voice_he_39753501,9,9,9,0,0,0,0,1,1,1
common_voice_he_39753626,8,8,8,0,0,0,0,1,1,1
common_voice_he_39753640,8,8,8,0,0,0,0,1,1,1
common_voice_he_39753629,6,6,6,0,0,0,0,1,1,1
common_voice_he_39753630,7,7,7,0,0,0,0,1,1,1
common_voice_he_39753518,6,6,6,0,0,0,0,1,1,1
common_voice_he_39753544,8,8,8,0,0,0,0,1,1,1
common_voice_he_39753601,11,11,11,0,0,0,0,1,1,1
common_voice_he_39753613,14,14,14,0,0,0,0,1,1,1
common_voice_he_39753574,9,9,9,0,0,0,0,1,1,1
common_voice_he_39753570,11,11,11,0,0,0,0,1,1,1
common_voice_he_39753543,11,11,11,0,0,0,0,1,1,1
common_voice_he_39753571,9,9,9,0,0,0,0,1,1,1
common_voice_he_39753520,15,15,15,0,0,0,0,1,1,1
common_voice_he_39753572,6,6,6,0,0,0,0,1,1,1
common_voice_he_39753573,20,20,20,0,0,0,0,1,1,1
common_voice_he_39753587,7,7,7,0,0,0,0,1,1,1
common_voice_he_39753603,9,9,9,0,0,0,0,1,1,1
common_voice_he_39753519,17,17,17,0,0,0,0,1,1,1
common_voice_he_39753588,6,6,6,0,0,0,0,1,1,1
common_voice_he_39753589,10,10,10,0,0,0,0,1,1,1
common_voice_he_39753521,10,10,10,0,0,0,0,1,1,1
common_voice_he_39753545,12,12,12,0,0,0,0,1,1,1
common_voice_he_39753602,23,23,23,0,0,0,0,1,1,1
common_voice_he_39753590,13,13,13,0,0,0,0,1,1,1
common_voice_he_39753651,7,7,7,0,0,0,0,1,1,1
common_voice_he_39350852,10,10,10,0,0,0,0,1,1,1
common_voice_he_39771199,16,16,16,0,0,0,0,1,1,1
common_voice_he_39771143,5,5,5,0,0,0,0,1,1,1
common_voice_he_39771144,8,8,8,0,0,0,0,1,1,1
common_voice_he_39771145,11,11,11,0,0,0,0,1,1,1
common_voice_he_41616558,8,8,8,0,0,0,0,1,1,1
common_voice_he_39771176,7,7,7,0,0,0,0,1,1,1
common_voice_he_41616557,11,11,11,0,0,0,0,1,1,1
common_voice_he_39771179,11,11,11,0,0,0,0,1,1,1
common_voice_he_39771197,21,21,21,0,0,0,0,1,1,1
common_voice_he_39771198,18,18,18,0,0,0,0,1,1,1
common_voice_he_39771200,11,11,11,0,0,0,0,1,1,1
common_voice_he_39753642,16,16,16,0,0,0,0,1,1,1
common_voice_he_39771206,9,9,9,0,0,0,0,1,1,1
common_voice_he_41616556,7,7,7,0,0,0,0,1,1,1
common_voice_he_39771209,6,6,6,0,0,0,0,1,1,1
common_voice_he_39771210,9,9,9,0,0,0,0,1,1,1
common_voice_he_39771230,19,19,19,0,0,0,0,1,1,1
common_voice_he_39771231,14,14,14,0,0,0,0,1,1,1
common_voice_he_39771232,8,8,8,0,0,0,0,1,1,1
common_voice_he_39771233,18,18,18,0,0,0,0,1,1,1
common_voice_he_39771234,12,12,12,0,0,0,0,1,1,1
common_voice_he_39771142,9,9,9,0,0,0,0,1,1,1
common_voice_he_39771141,9,9,9,0,0,0,0,1,1,1
common_voice_he_39771130,15,15,15,0,0,0,0,1,1,1
common_voice_he_39771129,9,9,9,0,0,0,0,1,1,1
common_voice_he_39753643,7,7,7,0,0,0,0,1,1,1
common_voice_he_39753649,11,11,11,0,0,0,0,1,1,1
common_voice_he_39753650,7,7,7,0,0,0,0,1,1,1
common_voice_he_39753499,16,16,16,0,0,0,0,1,1,1
common_voice_he_39753652,8,8,8,0,0,0,0,1,1,1
common_voice_he_39753653,14,14,14,0,0,0,0,1,1,1
common_voice_he_39753654,6,6,6,0,0,0,0,1,1,1
common_voice_he_39753655,9,9,9,0,0,0,0,1,1,1
common_voice_he_39753656,12,12,12,0,0,0,0,1,1,1
common_voice_he_39753657,10,10,10,0,0,0,0,1,1,1
common_voice_he_39753658,18,18,18,0,0,0,0,1,1,1
common_voice_he_39771109,10,10,10,0,0,0,0,1,1,1
common_voice_he_39771111,16,16,16,0,0,0,0,1,1,1
common_voice_he_39771113,8,8,8,0,0,0,0,1,1,1
common_voice_he_39771115,7,7,7,0,0,0,0,1,1,1
common_voice_he_39350850,7,7,7,0,0,0,0,1,1,1
common_voice_he_39771126,8,8,8,0,0,0,0,1,1,1
common_voice_he_39771127,13,13,13,0,0,0,0,1,1,1
common_voice_he_39771128,14,14,14,0,0,0,0,1,1,1
common_voice_he_39753500,7,7,7,0,0,0,0,1,1,1
common_voice_he_39753481,7,7,7,0,0,0,0,1,1,1
common_voice_he_39753498,8,8,8,0,0,0,0,1,1,1
common_voice_he_39753165,4,4,4,0,0,0,0,1,1,1
common_voice_he_39753133,8,8,8,0,0,0,0,1,1,1
common_voice_he_39753134,12,12,12,0,0,0,0,1,1,1
common_voice_he_39753135,14,14,14,0,0,0,0,1,1,1
common_voice_he_39753136,6,6,6,0,0,0,0,1,1,1
common_voice_he_39753149,8,8,8,0,0,0,0,1,1,1
common_voice_he_39753150,10,10,10,0,0,0,0,1,1,1
common_voice_he_39753151,8,8,8,0,0,0,0,1,1,1
common_voice_he_39753153,11,11,11,0,0,0,0,1,1,1
common_voice_he_39753154,12,12,12,0,0,0,0,1,1,1
common_voice_he_39753166,21,21,21,0,0,0,0,1,1,1
common_voice_he_39753209,7,7,7,0,0,0,0,1,1,1
common_voice_he_39753167,17,17,17,0,0,0,0,1,1,1
common_voice_he_39753168,16,16,16,0,0,0,0,1,1,1
common_voice_he_39753169,9,9,9,0,0,0,0,1,1,1
common_voice_he_39753184,11,11,11,0,0,0,0,1,1,1
common_voice_he_39753185,12,12,12,0,0,0,0,1,1,1
common_voice_he_39753186,18,18,18,0,0,0,0,1,1,1
common_voice_he_39753187,12,12,12,0,0,0,0,1,1,1
common_voice_he_39753188,7,7,7,0,0,0,0,1,1,1
common_voice_he_39753206,12,12,12,0,0,0,0,1,1,1
common_voice_he_39753131,12,12,12,0,0,0,0,1,1,1
common_voice_he_39753116,11,11,11,0,0,0,0,1,1,1
common_voice_he_39753115,8,8,8,0,0,0,0,1,1,1
common_voice_he_39753114,12,12,12,0,0,0,0,1,1,1
common_voice_he_38146703,5,5,5,0,0,0,0,1,1,1
common_voice_he_41066672,12,12,12,0,0,0,0,1,1,1
common_voice_he_41066670,8,8,8,0,0,0,0,1,1,1
common_voice_he_39844331,7,7,7,0,0,0,0,1,1,1
common_voice_he_40630795,8,8,8,0,0,0,0,1,1,1
common_voice_he_39844333,9,9,9,0,0,0,0,1,1,1
common_voice_he_39753056,9,9,9,0,0,0,0,1,1,1
common_voice_he_39753057,8,8,8,0,0,0,0,1,1,1
common_voice_he_39753058,17,17,17,0,0,0,0,1,1,1
common_voice_he_39753059,9,9,9,0,0,0,0,1,1,1
common_voice_he_39753067,11,11,11,0,0,0,0,1,1,1
common_voice_he_39753069,13,13,13,0,0,0,0,1,1,1
common_voice_he_39753070,10,10,10,0,0,0,0,1,1,1
common_voice_he_39753072,7,7,7,0,0,0,0,1,1,1
common_voice_he_39753082,12,12,12,0,0,0,0,1,1,1
common_voice_he_39753083,4,4,4,0,0,0,0,1,1,1
common_voice_he_39753089,15,15,15,0,0,0,0,1,1,1
common_voice_he_39753112,8,8,8,0,0,0,0,1,1,1
common_voice_he_39753113,11,11,11,0,0,0,0,1,1,1
common_voice_he_39753207,15,15,15,0,0,0,0,1,1,1
common_voice_he_39753210,8,8,8,0,0,0,0,1,1,1
common_voice_he_39753492,12,12,12,0,0,0,0,1,1,1
common_voice_he_39753471,7,7,7,0,0,0,0,1,1,1
common_voice_he_39753442,13,13,13,0,0,0,0,1,1,1
common_voice_he_39753458,11,11,11,0,0,0,0,1,1,1
common_voice_he_39753459,7,7,7,0,0,0,0,1,1,1
common_voice_he_39753460,9,9,9,0,0,0,0,1,1,1
common_voice_he_39753461,11,11,11,0,0,0,0,1,1,1
common_voice_he_39753462,13,13,13,0,0,0,0,1,1,1
common_voice_he_39753468,6,6,6,0,0,0,0,1,1,1
common_voice_he_39753469,9,9,9,0,0,0,0,1,1,1
common_voice_he_39753470,13,13,13,0,0,0,0,1,1,1
common_voice_he_39753472,7,7,7,0,0,0,0,1,1,1
common_voice_he_39753224,16,16,16,0,0,0,0,1,1,1
common_voice_he_39753478,6,6,6,0,0,0,0,1,1,1
common_voice_he_39753479,14,14,14,0,0,0,0,1,1,1
common_voice_he_39753480,13,13,13,0,0,0,0,1,1,1
common_voice_he_39771250,11,11,11,0,0,0,0,1,1,1
common_voice_he_39753482,8,8,8,0,0,0,0,1,1,1
common_voice_he_39753488,8,8,8,0,0,0,0,1,1,1
common_voice_he_39753489,9,9,9,0,0,0,0,1,1,1
common_voice_he_39753490,19,19,19,0,0,0,0,1,1,1
common_voice_he_39753491,11,11,11,0,0,0,0,1,1,1
common_voice_he_39753441,10,10,10,0,0,0,0,1,1,1
common_voice_he_39753440,13,13,13,0,0,0,0,1,1,1
common_voice_he_39753439,12,12,12,0,0,0,0,1,1,1
common_voice_he_39753438,11,11,11,0,0,0,0,1,1,1
common_voice_he_39753225,19,19,19,0,0,0,0,1,1,1
common_voice_he_40630794,11,11,11,0,0,0,0,1,1,1
common_voice_he_40630793,8,8,8,0,0,0,0,1,1,1
common_voice_he_39753228,6,6,6,0,0,0,0,1,1,1
common_voice_he_39753242,6,6,6,0,0,0,0,1,1,1
common_voice_he_39753243,8,8,8,0,0,0,0,1,1,1
common_voice_he_39753244,7,7,7,0,0,0,0,1,1,1
common_voice_he_39753245,12,12,12,0,0,0,0,1,1,1
common_voice_he_39753246,9,9,9,0,0,0,0,1,1,1
common_voice_he_39753268,7,7,7,0,0,0,0,1,1,1
common_voice_he_39753269,8,8,8,0,0,0,0,1,1,1
common_voice_he_39753270,8,8,8,0,0,0,0,1,1,1
common_voice_he_39753271,12,12,12,0,0,0,0,1,1,1
common_voice_he_39753272,11,11,11,0,0,0,0,1,1,1
common_voice_he_39753279,8,8,8,0,0,0,0,1,1,1
common_voice_he_39753280,8,8,8,0,0,0,0,1,1,1
common_voice_he_39753281,8,8,8,0,0,0,0,1,1,1
common_voice_he_39753282,10,10,10,0,0,0,0,1,1,1
common_voice_he_39753283,8,8,8,0,0,0,0,1,1,1
common_voice_he_39771249,10,10,10,0,0,0,0,1,1,1
common_voice_he_43512961,12,12,12,0,0,0,0,1,1,1
common_voice_he_39771251,14,14,14,0,0,0,0,1,1,1
common_voice_he_39831343,12,12,12,0,0,0,0,1,1,1
common_voice_he_39918069,5,5,5,0,0,0,0,1,1,1
common_voice_he_39937156,8,8,8,0,0,0,0,1,1,1
common_voice_he_43281958,9,9,9,0,0,0,0,1,1,1
common_voice_he_39937158,8,8,8,0,0,0,0,1,1,1
common_voice_he_39937159,7,7,7,0,0,0,0,1,1,1
common_voice_he_39937160,10,10,10,0,0,0,0,1,1,1
common_voice_he_39937161,25,25,25,0,0,0,0,1,1,1
common_voice_he_39937162,10,10,10,0,0,0,0,1,1,1
common_voice_he_39937163,12,12,12,0,0,0,0,1,1,1
common_voice_he_39937164,9,9,9,0,0,0,0,1,1,1
common_voice_he_39937165,11,11,11,0,0,0,0,1,1,1
common_voice_he_39937166,7,7,7,0,0,0,0,1,1,1
common_voice_he_39937167,7,7,7,0,0,0,0,1,1,1
common_voice_he_39937169,13,13,13,0,0,0,0,1,1,1
common_voice_he_39937170,9,9,9,0,0,0,0,1,1,1
common_voice_he_39937171,17,17,17,0,0,0,0,1,1,1
common_voice_he_39937172,7,7,7,0,0,0,0,1,1,1
common_voice_he_39937173,12,12,12,0,0,0,0,1,1,1
common_voice_he_39937174,13,13,13,0,0,0,0,1,1,1
common_voice_he_39937175,8,8,8,0,0,0,0,1,1,1
common_voice_he_39937181,12,12,12,0,0,0,0,1,1,1
common_voice_he_39918068,19,19,19,0,0,0,0,1,1,1
common_voice_he_39918067,13,13,13,0,0,0,0,1,1,1
common_voice_he_39918066,6,6,6,0,0,0,0,1,1,1
common_voice_he_39831364,11,11,11,0,0,0,0,1,1,1
common_voice_he_39831345,11,11,11,0,0,0,0,1,1,1
common_voice_he_39831351,10,10,10,0,0,0,0,1,1,1
common_voice_he_39831352,10,10,10,0,0,0,0,1,1,1
common_voice_he_39831353,11,11,11,0,0,0,0,1,1,1
common_voice_he_39831354,9,9,9,0,0,0,0,1,1,1
common_voice_he_39831355,7,7,7,0,0,0,0,1,1,1
common_voice_he_39831361,10,10,10,0,0,0,0,1,1,1
common_voice_he_39831362,9,9,9,0,0,0,0,1,1,1
common_voice_he_39831363,7,7,7,0,0,0,0,1,1,1
common_voice_he_39831365,10,10,10,0,0,0,0,1,1,1
common_voice_he_39918065,8,8,8,0,0,0,0,1,1,1
common_voice_he_39831376,8,8,8,0,0,0,0,1,1,1
common_voice_he_39831377,9,9,9,0,0,0,0,1,1,1
common_voice_he_39831378,12,12,12,0,0,0,0,1,1,1
common_voice_he_39831379,12,12,12,0,0,0,0,1,1,1
common_voice_he_39918055,15,15,15,0,0,0,0,1,1,1
common_voice_he_39918056,10,10,10,0,0,0,0,1,1,1
common_voice_he_39918057,9,9,9,0,0,0,0,1,1,1
common_voice_he_39918058,9,9,9,0,0,0,0,1,1,1
common_voice_he_39918059,9,9,9,0,0,0,0,1,1,1
common_voice_he_39937182,15,15,15,0,0,0,0,1,1,1
common_voice_he_39937203,10,10,10,0,0,0,0,1,1,1
common_voice_he_39937204,15,15,15,0,0,0,0,1,1,1
common_voice_he_40001968,18,18,18,0,0,0,0,1,1,1
common_voice_he_40001959,10,10,10,0,0,0,0,1,1,1
common_voice_he_40001960,19,19,19,0,0,0,0,1,1,1
common_voice_he_40001961,13,13,13,0,0,0,0,1,1,1
common_voice_he_40001962,10,10,10,0,0,0,0,1,1,1
common_voice_he_40001963,9,9,9,0,0,0,0,1,1,1
common_voice_he_40001964,9,9,9,0,0,0,0,1,1,1
common_voice_he_40001965,20,20,20,0,0,0,0,1,1,1
common_voice_he_40001966,8,8,8,0,0,0,0,1,1,1
common_voice_he_40001967,13,13,13,0,0,0,0,1,1,1
common_voice_he_40001970,10,10,10,0,0,0,0,1,1,1
common_voice_he_40001957,11,11,11,0,0,0,0,1,1,1
common_voice_he_40001972,14,14,14,0,0,0,0,1,1,1
common_voice_he_43539839,8,8,8,0,0,0,0,1,1,1
common_voice_he_43539841,10,10,10,0,0,0,0,1,1,1
common_voice_he_43539842,10,10,10,0,0,0,0,1,1,1
common_voice_he_43539843,15,15,15,0,0,0,0,1,1,1
common_voice_he_43539844,6,6,6,0,0,0,0,1,1,1
common_voice_he_43539846,7,7,7,0,0,0,0,1,1,1
common_voice_he_43539848,12,12,12,0,0,0,0,1,1,1
common_voice_he_43539852,15,15,15,0,0,0,0,1,1,1
common_voice_he_40001958,11,11,11,0,0,0,0,1,1,1
common_voice_he_42358470,14,14,14,0,0,0,0,1,1,1
common_voice_he_39937205,16,16,16,0,0,0,0,1,1,1
common_voice_he_40977318,10,10,10,0,0,0,0,1,1,1
common_voice_he_39937206,20,20,20,0,0,0,0,1,1,1
common_voice_he_39937207,11,11,11,0,0,0,0,1,1,1
common_voice_he_39937264,15,15,15,0,0,0,0,1,1,1
common_voice_he_39937265,13,13,13,0,0,0,0,1,1,1
common_voice_he_42402440,6,6,6,0,0,0,0,1,1,1
common_voice_he_39937267,17,17,17,0,0,0,0,1,1,1
common_voice_he_39937268,14,14,14,0,0,0,0,1,1,1
common_voice_he_39937269,16,16,16,0,0,0,0,1,1,1
common_voice_he_39937270,8,8,8,0,0,0,0,1,1,1
common_voice_he_39937272,17,17,17,0,0,0,0,1,1,1
common_voice_he_40001950,16,16,16,0,0,0,0,1,1,1
common_voice_he_39937278,7,7,7,0,0,0,0,1,1,1
common_voice_he_39937279,7,7,7,0,0,0,0,1,1,1
common_voice_he_39937280,7,7,7,0,0,0,0,1,1,1
common_voice_he_39937281,11,11,11,0,0,0,0,1,1,1
common_voice_he_39937282,7,7,7,0,0,0,0,1,1,1
common_voice_he_40001946,7,7,7,0,0,0,0,1,1,1
common_voice_he_40001947,11,11,11,0,0,0,0,1,1,1
common_voice_he_40001948,6,6,6,0,0,0,0,1,1,1
common_voice_he_43313168,8,8,8,0,0,0,0,1,1,1
common_voice_he_39831344,11,11,11,0,0,0,0,1,1,1
common_voice_he_39831342,13,13,13,0,0,0,0,1,1,1
common_voice_he_39771252,12,12,12,0,0,0,0,1,1,1
common_voice_he_39831341,6,6,6,0,0,0,0,1,1,1
common_voice_he_39778674,7,7,7,0,0,0,0,1,1,1
common_voice_he_39778675,11,11,11,0,0,0,0,1,1,1
common_voice_he_39778676,8,8,8,0,0,0,0,1,1,1
common_voice_he_39778677,7,7,7,0,0,0,0,1,1,1
common_voice_he_39778678,9,9,9,0,0,0,0,1,1,1
common_voice_he_39778679,9,9,9,0,0,0,0,1,1,1
common_voice_he_39778685,9,9,9,0,0,0,0,1,1,1
common_voice_he_39778687,8,8,8,0,0,0,0,1,1,1
common_voice_he_39778688,6,6,6,0,0,0,0,1,1,1
common_voice_he_39778690,9,9,9,0,0,0,0,1,1,1
common_voice_he_39778691,8,8,8,0,0,0,0,1,1,1
common_voice_he_39778692,14,14,14,0,0,0,0,1,1,1
common_voice_he_39778693,11,11,11,0,0,0,0,1,1,1
common_voice_he_39778694,18,18,18,0,0,0,0,1,1,1
common_voice_he_39778700,10,10,10,0,0,0,0,1,1,1
common_voice_he_39778701,7,7,7,0,0,0,0,1,1,1
common_voice_he_39778702,10,10,10,0,0,0,0,1,1,1
common_voice_he_39778703,17,17,17,0,0,0,0,1,1,1
common_voice_he_39778704,7,7,7,0,0,0,0,1,1,1
common_voice_he_39778705,13,13,13,0,0,0,0,1,1,1
common_voice_he_39778706,7,7,7,0,0,0,0,1,1,1
common_voice_he_39778673,8,8,8,0,0,0,0,1,1,1
common_voice_he_39778671,9,9,9,0,0,0,0,1,1,1
common_voice_he_39778670,16,16,16,0,0,0,0,1,1,1
common_voice_he_39771293,14,14,14,0,0,0,0,1,1,1
common_voice_he_39771253,13,13,13,0,0,0,0,1,1,1
common_voice_he_39771261,3,3,3,0,0,0,0,1,1,1
common_voice_he_41066673,9,9,9,0,0,0,0,1,1,1
common_voice_he_39771263,8,8,8,0,0,0,0,1,1,1
common_voice_he_39771264,10,10,10,0,0,0,0,1,1,1
common_voice_he_39771265,7,7,7,0,0,0,0,1,1,1
common_voice_he_39771290,9,9,9,0,0,0,0,1,1,1
common_voice_he_39771291,8,8,8,0,0,0,0,1,1,1
common_voice_he_39771292,11,11,11,0,0,0,0,1,1,1
common_voice_he_39771294,15,15,15,0,0,0,0,1,1,1
common_voice_he_39771319,18,18,18,0,0,0,0,1,1,1
common_voice_he_39771305,13,13,13,0,0,0,0,1,1,1
common_voice_he_39771306,11,11,11,0,0,0,0,1,1,1
common_voice_he_39771307,9,9,9,0,0,0,0,1,1,1
common_voice_he_39771308,14,14,14,0,0,0,0,1,1,1
common_voice_he_39771309,15,15,15,0,0,0,0,1,1,1
common_voice_he_39771315,12,12,12,0,0,0,0,1,1,1
common_voice_he_39771316,10,10,10,0,0,0,0,1,1,1
common_voice_he_39771317,10,10,10,0,0,0,0,1,1,1
common_voice_he_39771318,10,10,10,0,0,0,0,1,1,1
common_voice_he_39778707,10,10,10,0,0,0,0,1,1,1
common_voice_he_39778708,10,10,10,0,0,0,0,1,1,1
common_voice_he_39778709,9,9,9,0,0,0,0,1,1,1
common_voice_he_39831310,10,10,10,0,0,0,0,1,1,1
common_voice_he_39785513,9,9,9,0,0,0,0,1,1,1
common_voice_he_39785514,8,8,8,0,0,0,0,1,1,1
common_voice_he_39785515,11,11,11,0,0,0,0,1,1,1
common_voice_he_39831293,9,9,9,0,0,0,0,1,1,1
common_voice_he_42487979,8,8,8,0,0,0,0,1,1,1
common_voice_he_39831297,6,6,6,0,0,0,0,1,1,1
common_voice_he_39831299,11,11,11,0,0,0,0,1,1,1
common_voice_he_39831308,9,9,9,0,0,0,0,1,1,1
common_voice_he_39831309,8,8,8,0,0,0,0,1,1,1
common_voice_he_39831311,13,13,13,0,0,0,0,1,1,1
common_voice_he_39785511,11,11,11,0,0,0,0,1,1,1
common_voice_he_39831312,9,9,9,0,0,0,0,1,1,1
common_voice_he_39831318,8,8,8,0,0,0,0,1,1,1
common_voice_he_39831319,10,10,10,0,0,0,0,1,1,1
common_voice_he_42487978,8,8,8,0,0,0,0,1,1,1
common_voice_he_39831321,11,11,11,0,0,0,0,1,1,1
common_voice_he_39831322,6,6,6,0,0,0,0,1,1,1
common_voice_he_39831338,11,11,11,0,0,0,0,1,1,1
common_voice_he_39831339,8,8,8,0,0,0,0,1,1,1
common_voice_he_39831340,10,10,10,0,0,0,0,1,1,1
common_voice_he_39785512,15,15,15,0,0,0,0,1,1,1
common_voice_he_39785449,11,11,11,0,0,0,0,1,1,1
common_voice_he_39785388,9,9,9,0,0,0,0,1,1,1
common_voice_he_39785413,19,19,19,0,0,0,0,1,1,1
common_voice_he_39785389,9,9,9,0,0,0,0,1,1,1
common_voice_he_39785397,9,9,9,0,0,0,0,1,1,1
common_voice_he_39785398,11,11,11,0,0,0,0,1,1,1
common_voice_he_39785399,10,10,10,0,0,0,0,1,1,1
common_voice_he_39785400,13,13,13,0,0,0,0,1,1,1
common_voice_he_39785409,8,8,8,0,0,0,0,1,1,1
common_voice_he_39785410,9,9,9,0,0,0,0,1,1,1
common_voice_he_39785411,10,10,10,0,0,0,0,1,1,1
common_voice_he_39785412,9,9,9,0,0,0,0,1,1,1
common_voice_he_39785416,11,11,11,0,0,0,0,1,1,1
common_voice_he_39785447,8,8,8,0,0,0,0,1,1,1
common_voice_he_39785417,13,13,13,0,0,0,0,1,1,1
common_voice_he_39785419,7,7,7,0,0,0,0,1,1,1
common_voice_he_39785420,13,13,13,0,0,0,0,1,1,1
common_voice_he_39785423,15,15,15,0,0,0,0,1,1,1
common_voice_he_39785424,7,7,7,0,0,0,0,1,1,1
common_voice_he_41019361,10,10,10,0,0,0,0,1,1,1
common_voice_he_39785442,11,11,11,0,0,0,0,1,1,1
common_voice_he_39785444,8,8,8,0,0,0,0,1,1,1
common_voice_he_39785446,11,11,11,0,0,0,0,1,1,1
common_voice_he_39771262,8,8,8,0,0,0,0,1,1,1
common_voice_he_38142102,7,7,7,0,0,0,0,1,1,1
common_voice_he_38146695,15,15,15,0,0,0,0,1,1,1
common_voice_he_41605158,15,15,15,0,0,0,0,1,1,1
common_voice_he_41486377,7,7,7,0,0,0,0,1,1,1
common_voice_he_41486383,12,12,12,0,0,0,0,1,1,1
common_voice_he_41486384,9,9,9,0,0,0,0,1,1,1
common_voice_he_41486385,15,15,15,0,0,0,0,1,1,1
common_voice_he_41486386,10,10,10,0,0,0,0,1,1,1
common_voice_he_41486387,18,18,18,0,0,0,0,1,1,1
common_voice_he_41605155,11,11,11,0,0,0,0,1,1,1
common_voice_he_41605156,12,12,12,0,0,0,0,1,1,1
common_voice_he_41605157,7,7,7,0,0,0,0,1,1,1
common_voice_he_41605159,9,9,9,0,0,0,0,1,1,1
common_voice_he_41019419,10,10,10,0,0,0,0,1,1,1
common_voice_he_41605160,10,10,10,0,0,0,0,1,1,1
common_voice_he_41605161,8,8,8,0,0,0,0,1,1,1
common_voice_he_41605162,12,12,12,0,0,0,0,1,1,1
common_voice_he_41605163,9,9,9,0,0,0,0,1,1,1
common_voice_he_41605164,13,13,13,0,0,0,0,1,1,1
common_voice_he_41605165,10,10,10,0,0,0,0,1,1,1
common_voice_he_41605168,12,12,12,0,0,0,0,1,1,1
common_voice_he_41605169,13,13,13,0,0,0,0,1,1,1
common_voice_he_41605170,8,8,8,0,0,0,0,1,1,1
common_voice_he_41486376,8,8,8,0,0,0,0,1,1,1
common_voice_he_41019455,11,11,11,0,0,0,0,1,1,1
common_voice_he_41486374,7,7,7,0,0,0,0,1,1,1
common_voice_he_41486373,17,17,17,0,0,0,0,1,1,1
common_voice_he_41486344,8,8,8,0,0,0,0,1,1,1
common_voice_he_41486345,13,13,13,0,0,0,0,1,1,1
common_voice_he_41486346,10,10,10,0,0,0,0,1,1,1
common_voice_he_41486347,7,7,7,0,0,0,0,1,1,1
common_voice_he_41486353,8,8,8,0,0,0,0,1,1,1
common_voice_he_41486354,6,6,6,0,0,0,0,1,1,1
common_voice_he_41486355,9,9,9,0,0,0,0,1,1,1
common_voice_he_41019457,19,19,19,0,0,0,0,1,1,1
common_voice_he_41019456,7,7,7,0,0,0,0,1,1,1
common_voice_he_41486358,9,9,9,0,0,0,0,1,1,1
common_voice_he_41486359,7,7,7,0,0,0,0,1,1,1
common_voice_he_41486360,10,10,10,0,0,0,0,1,1,1
common_voice_he_41486361,9,9,9,0,0,0,0,1,1,1
common_voice_he_41486362,8,8,8,0,0,0,0,1,1,1
common_voice_he_41486368,6,6,6,0,0,0,0,1,1,1
common_voice_he_41486369,8,8,8,0,0,0,0,1,1,1
common_voice_he_41486370,9,9,9,0,0,0,0,1,1,1
common_voice_he_41486371,8,8,8,0,0,0,0,1,1,1
common_voice_he_41486372,15,15,15,0,0,0,0,1,1,1
common_voice_he_41605171,12,12,12,0,0,0,0,1,1,1
common_voice_he_41605173,15,15,15,0,0,0,0,1,1,1
common_voice_he_41616811,6,6,6,0,0,0,0,1,1,1
common_voice_he_39326813,5,5,5,0,0,0,0,1,1,1
common_voice_he_41605204,9,9,9,0,0,0,0,1,1,1
common_voice_he_41605205,10,10,10,0,0,0,0,1,1,1
common_voice_he_41605206,10,10,10,0,0,0,0,1,1,1
common_voice_he_41605208,13,13,13,0,0,0,0,1,1,1
common_voice_he_41605209,8,8,8,0,0,0,0,1,1,1
common_voice_he_41605211,8,8,8,0,0,0,0,1,1,1
common_voice_he_41605212,9,9,9,0,0,0,0,1,1,1
common_voice_he_41605213,8,8,8,0,0,0,0,1,1,1
common_voice_he_40612867,8,8,8,0,0,0,0,1,1,1
common_voice_he_39326815,18,18,18,0,0,0,0,1,1,1
common_voice_he_41605176,6,6,6,0,0,0,0,1,1,1
common_voice_he_39326816,4,4,4,0,0,0,0,1,1,1
common_voice_he_39326817,20,20,20,0,0,0,0,1,1,1
common_voice_he_39326818,7,7,7,0,0,0,0,1,1,1
common_voice_he_39326825,6,6,6,0,0,0,0,1,1,1
common_voice_he_39326827,15,15,15,0,0,0,0,1,1,1
common_voice_he_39326828,11,11,11,0,0,0,0,1,1,1
common_voice_he_39326830,6,6,6,0,0,0,0,1,1,1
common_voice_he_40612863,10,10,10,0,0,0,0,1,1,1
common_voice_he_39326853,15,15,15,0,0,0,0,1,1,1
common_voice_he_41605203,8,8,8,0,0,0,0,1,1,1
common_voice_he_41605202,7,7,7,0,0,0,0,1,1,1
common_voice_he_41019415,10,10,10,0,0,0,0,1,1,1
common_voice_he_41605200,20,20,20,0,0,0,0,1,1,1
common_voice_he_41605177,10,10,10,0,0,0,0,1,1,1
common_voice_he_41605178,5,5,5,0,0,0,0,1,1,1
common_voice_he_41605179,15,15,15,0,0,0,0,1,1,1
common_voice_he_41605180,19,19,19,0,0,0,0,1,1,1
common_voice_he_41605181,9,9,9,0,0,0,0,1,1,1
common_voice_he_41605183,11,11,11,0,0,0,0,1,1,1
common_voice_he_41605184,12,12,12,0,0,0,0,1,1,1
common_voice_he_41605185,7,7,7,0,0,0,0,1,1,1
common_voice_he_41019416,11,11,11,0,0,0,0,1,1,1
common_voice_he_41605188,10,10,10,0,0,0,0,1,1,1
common_voice_he_41605190,12,12,12,0,0,0,0,1,1,1
common_voice_he_41605191,9,9,9,0,0,0,0,1,1,1
common_voice_he_41605192,9,9,9,0,0,0,0,1,1,1
common_voice_he_41605193,9,9,9,0,0,0,0,1,1,1
common_voice_he_41605194,9,9,9,0,0,0,0,1,1,1
common_voice_he_41605195,11,11,11,0,0,0,0,1,1,1
common_voice_he_41605196,9,9,9,0,0,0,0,1,1,1
common_voice_he_41605197,8,8,8,0,0,0,0,1,1,1
common_voice_he_41605199,10,10,10,0,0,0,0,1,1,1
common_voice_he_41486343,7,7,7,0,0,0,0,1,1,1
common_voice_he_41616809,9,9,9,0,0,0,0,1,1,1
common_voice_he_40612855,18,18,18,0,0,0,0,1,1,1
common_voice_he_40909694,6,6,6,0,0,0,0,1,1,1
common_voice_he_38196126,8,8,8,0,0,0,0,1,1,1
common_voice_he_40909678,8,8,8,0,0,0,0,1,1,1
common_voice_he_40909679,13,13,13,0,0,0,0,1,1,1
common_voice_he_40909680,13,13,13,0,0,0,0,1,1,1
common_voice_he_40909681,9,9,9,0,0,0,0,1,1,1
common_voice_he_40909688,12,12,12,0,0,0,0,1,1,1
common_voice_he_38623347,10,10,10,0,0,0,0,1,1,1
common_voice_he_40909691,10,10,10,0,0,0,0,1,1,1
common_voice_he_40909693,9,9,9,0,0,0,0,1,1,1
common_voice_he_38623334,11,11,11,0,0,0,0,1,1,1
common_voice_he_41616601,10,10,10,0,0,0,0,1,1,1
common_voice_he_40909696,10,10,10,0,0,0,0,1,1,1
common_voice_he_40909697,11,11,11,0,0,0,0,1,1,1
common_voice_he_40909699,12,12,12,0,0,0,0,1,1,1
common_voice_he_40909700,6,6,6,0,0,0,0,1,1,1
common_voice_he_40909701,9,9,9,0,0,0,0,1,1,1
common_voice_he_40909702,10,10,10,0,0,0,0,1,1,1
common_voice_he_41616575,14,14,14,0,0,0,0,1,1,1
common_voice_he_41616579,9,9,9,0,0,0,0,1,1,1
common_voice_he_41616580,11,11,11,0,0,0,0,1,1,1
common_voice_he_38196125,10,10,10,0,0,0,0,1,1,1
common_voice_he_43503033,12,12,12,0,0,0,0,1,1,1
common_voice_he_43503040,10,10,10,0,0,0,0,1,1,1
common_voice_he_38196121,10,10,10,0,0,0,0,1,1,1
common_voice_he_43503067,11,11,11,0,0,0,0,1,1,1
common_voice_he_40978535,10,10,10,0,0,0,0,1,1,1
common_voice_he_40978546,7,7,7,0,0,0,0,1,1,1
common_voice_he_40978553,10,10,10,0,0,0,0,1,1,1
common_voice_he_40978560,9,9,9,0,0,0,0,1,1,1
common_voice_he_40978567,9,9,9,0,0,0,0,1,1,1
common_voice_he_40978573,14,14,14,0,0,0,0,1,1,1
common_voice_he_40978575,9,9,9,0,0,0,0,1,1,1
common_voice_he_40978592,10,10,10,0,0,0,0,1,1,1
common_voice_he_43503051,8,8,8,0,0,0,0,1,1,1
common_voice_he_38195450,4,4,4,0,0,0,0,1,1,1
common_voice_he_43503050,10,10,10,0,0,0,0,1,1,1
common_voice_he_38195454,14,14,14,0,0,0,0,1,1,1
common_voice_he_38196114,5,5,5,0,0,0,0,1,1,1
common_voice_he_43503045,21,21,21,0,0,0,0,1,1,1
common_voice_he_38196117,6,6,6,0,0,0,0,1,1,1
common_voice_he_38196118,9,9,9,0,0,0,0,1,1,1
common_voice_he_38196119,7,7,7,0,0,0,0,1,1,1
common_voice_he_38196120,10,10,10,0,0,0,0,1,1,1
common_voice_he_41616584,11,11,11,0,0,0,0,1,1,1
common_voice_he_41616602,12,12,12,0,0,0,0,1,1,1
common_voice_he_41616808,5,5,5,0,0,0,0,1,1,1
common_voice_he_41616756,9,9,9,0,0,0,0,1,1,1
common_voice_he_41616718,12,12,12,0,0,0,0,1,1,1
common_voice_he_41616728,19,19,19,0,0,0,0,1,1,1
common_voice_he_41616729,10,10,10,0,0,0,0,1,1,1
common_voice_he_41616730,12,12,12,0,0,0,0,1,1,1
common_voice_he_41616731,13,13,13,0,0,0,0,1,1,1
common_voice_he_41616740,6,6,6,0,0,0,0,1,1,1
common_voice_he_41616743,5,5,5,0,0,0,0,1,1,1
common_voice_he_41616745,9,9,9,0,0,0,0,1,1,1
common_voice_he_41616748,11,11,11,0,0,0,0,1,1,1
common_voice_he_41616757,14,14,14,0,0,0,0,1,1,1
common_voice_he_41616604,6,6,6,0,0,0,0,1,1,1
common_voice_he_41616760,13,13,13,0,0,0,0,1,1,1
common_voice_he_41616761,12,12,12,0,0,0,0,1,1,1
common_voice_he_41616762,7,7,7,0,0,0,0,1,1,1
common_voice_he_41616770,10,10,10,0,0,0,0,1,1,1
common_voice_he_41616772,10,10,10,0,0,0,0,1,1,1
common_voice_he_41616788,8,8,8,0,0,0,0,1,1,1
common_voice_he_41616790,9,9,9,0,0,0,0,1,1,1
common_voice_he_41616792,9,9,9,0,0,0,0,1,1,1
common_voice_he_41616807,9,9,9,0,0,0,0,1,1,1
common_voice_he_41616707,9,9,9,0,0,0,0,1,1,1
common_voice_he_41616704,12,12,12,0,0,0,0,1,1,1
common_voice_he_38623331,9,9,9,0,0,0,0,1,1,1
common_voice_he_41616688,8,8,8,0,0,0,0,1,1,1
common_voice_he_41616612,13,13,13,0,0,0,0,1,1,1
common_voice_he_41616613,7,7,7,0,0,0,0,1,1,1
common_voice_he_41616614,11,11,11,0,0,0,0,1,1,1
common_voice_he_38623333,8,8,8,0,0,0,0,1,1,1
common_voice_he_41616617,7,7,7,0,0,0,0,1,1,1
common_voice_he_41616619,8,8,8,0,0,0,0,1,1,1
common_voice_he_41616629,16,16,16,0,0,0,0,1,1,1
common_voice_he_41616635,16,16,16,0,0,0,0,1,1,1
common_voice_he_41616636,9,9,9,0,0,0,0,1,1,1
common_voice_he_41616637,7,7,7,0,0,0,0,1,1,1
common_voice_he_41616638,8,8,8,0,0,0,0,1,1,1
common_voice_he_41616640,10,10,10,0,0,0,0,1,1,1
common_voice_he_41616642,7,7,7,0,0,0,0,1,1,1
common_voice_he_41616643,12,12,12,0,0,0,0,1,1,1
common_voice_he_41616644,6,6,6,0,0,0,0,1,1,1
common_voice_he_38623332,11,11,11,0,0,0,0,1,1,1
common_voice_he_41616656,11,11,11,0,0,0,0,1,1,1
common_voice_he_41616667,12,12,12,0,0,0,0,1,1,1
common_voice_he_41616687,8,8,8,0,0,0,0,1,1,1
common_voice_he_39326854,4,4,4,0,0,0,0,1,1,1
common_voice_he_40612852,7,7,7,0,0,0,0,1,1,1
common_voice_he_38146694,12,12,12,0,0,0,0,1,1,1
common_voice_he_38104821,9,9,9,0,0,0,0,1,1,1
common_voice_he_39750877,13,13,13,0,0,0,0,1,1,1
common_voice_he_39750876,8,8,8,0,0,0,0,1,1,1
common_voice_he_38094125,7,7,7,0,0,0,0,1,1,1
common_voice_he_38094980,7,7,7,0,0,0,0,1,1,1
common_voice_he_38094978,7,7,7,0,0,0,0,1,1,1
common_voice_he_38744644,10,10,10,0,0,0,0,1,1,1
common_voice_he_38104807,8,8,8,0,0,0,0,1,1,1
common_voice_he_38104808,8,8,8,0,0,0,0,1,1,1
common_voice_he_40067778,9,9,9,0,0,0,0,1,1,1
common_voice_he_38104823,11,11,11,0,0,0,0,1,1,1
common_voice_he_39897722,10,10,10,0,0,0,0,1,1,1
common_voice_he_38104824,11,11,11,0,0,0,0,1,1,1
common_voice_he_38104831,10,10,10,0,0,0,0,1,1,1
common_voice_he_38104832,9,9,9,0,0,0,0,1,1,1
common_voice_he_40067774,7,7,7,0,0,0,0,1,1,1
common_voice_he_43281938,11,11,11,0,0,0,0,1,1,1
common_voice_he_43281936,16,16,16,0,0,0,0,1,1,1
common_voice_he_38118862,9,9,9,0,0,0,0,1,1,1
common_voice_he_43281935,12,12,12,0,0,0,0,1,1,1
common_voice_he_39897724,8,8,8,0,0,0,0,1,1,1
common_voice_he_39750878,9,9,9,0,0,0,0,1,1,1
common_voice_he_38094116,7,7,7,0,0,0,0,1,1,1
common_voice_he_38085655,5,5,5,0,0,0,0,1,1,1
common_voice_he_39750933,8,8,8,0,0,0,0,1,1,1
common_voice_he_41617131,12,12,12,0,0,0,0,1,1,1
common_voice_he_41617130,15,15,15,0,0,0,0,1,1,1
common_voice_he_41617129,11,11,11,0,0,0,0,1,1,1
common_voice_he_40972203,11,11,11,0,0,0,0,1,1,1
common_voice_he_40972202,11,11,11,0,0,0,0,1,1,1
common_voice_he_40972201,22,22,22,0,0,0,0,1,1,1
common_voice_he_40972200,6,6,6,0,0,0,0,1,1,1
common_voice_he_38085634,8,8,8,0,0,0,0,1,1,1
common_voice_he_38085635,6,6,6,0,0,0,0,1,1,1
common_voice_he_40972199,8,8,8,0,0,0,0,1,1,1
common_voice_he_38883689,4,4,4,0,0,0,0,1,1,1
common_voice_he_38085643,3,3,3,0,0,0,0,1,1,1
common_voice_he_38883688,9,9,9,0,0,0,0,1,1,1
common_voice_he_38883687,3,3,3,0,0,0,0,1,1,1
common_voice_he_38883686,12,12,12,0,0,0,0,1,1,1
common_voice_he_38883685,7,7,7,0,0,0,0,1,1,1
common_voice_he_39750937,12,12,12,0,0,0,0,1,1,1
common_voice_he_41896622,10,10,10,0,0,0,0,1,1,1
common_voice_he_38085652,11,11,11,0,0,0,0,1,1,1
common_voice_he_39897723,6,6,6,0,0,0,0,1,1,1
common_voice_he_39897721,11,11,11,0,0,0,0,1,1,1
common_voice_he_38078778,6,6,6,0,0,0,0,1,1,1
common_voice_he_38142098,4,4,4,0,0,0,0,1,1,1
common_voice_he_38142084,4,4,4,0,0,0,0,1,1,1
common_voice_he_38142085,6,6,6,0,0,0,0,1,1,1
common_voice_he_38142086,12,12,12,0,0,0,0,1,1,1
common_voice_he_41869858,11,11,11,0,0,0,0,1,1,1
common_voice_he_38142088,2,2,2,0,0,0,0,1,1,1
common_voice_he_38283253,7,7,7,0,0,0,0,1,1,1
common_voice_he_38283250,9,9,9,0,0,0,0,1,1,1
common_voice_he_38142096,6,6,6,0,0,0,0,1,1,1
common_voice_he_38283249,9,9,9,0,0,0,0,1,1,1
common_voice_he_40858579,13,13,13,0,0,0,0,1,1,1
common_voice_he_40909676,6,6,6,0,0,0,0,1,1,1
common_voice_he_43512945,11,11,11,0,0,0,0,1,1,1
common_voice_he_38142103,6,6,6,0,0,0,0,1,1,1
common_voice_he_38142104,12,12,12,0,0,0,0,1,1,1
common_voice_he_38142105,7,7,7,0,0,0,0,1,1,1
common_voice_he_40858577,9,9,9,0,0,0,0,1,1,1
common_voice_he_40858574,9,9,9,0,0,0,0,1,1,1
common_voice_he_38146667,7,7,7,0,0,0,0,1,1,1
common_voice_he_38146669,10,10,10,0,0,0,0,1,1,1
common_voice_he_38146672,14,14,14,0,0,0,0,1,1,1
common_voice_he_38142083,10,10,10,0,0,0,0,1,1,1
common_voice_he_41869861,8,8,8,0,0,0,0,1,1,1
common_voice_he_38883182,13,13,13,0,0,0,0,1,1,1
common_voice_he_38142079,4,4,4,0,0,0,0,1,1,1
common_voice_he_38118871,8,8,8,0,0,0,0,1,1,1
common_voice_he_38118873,9,9,9,0,0,0,0,1,1,1
common_voice_he_40909674,12,12,12,0,0,0,0,1,1,1
common_voice_he_38118875,7,7,7,0,0,0,0,1,1,1
common_voice_he_40909673,7,7,7,0,0,0,0,1,1,1
common_voice_he_40972188,12,12,12,0,0,0,0,1,1,1
common_voice_he_38118878,3,3,3,0,0,0,0,1,1,1
common_voice_he_40972186,10,10,10,0,0,0,0,1,1,1
common_voice_he_38142066,6,6,6,0,0,0,0,1,1,1
common_voice_he_41486337,14,14,14,0,0,0,0,1,1,1
common_voice_he_41486334,9,9,9,0,0,0,0,1,1,1
common_voice_he_38142069,10,10,10,0,0,0,0,1,1,1
common_voice_he_38142070,11,11,11,0,0,0,0,1,1,1
common_voice_he_41486333,8,8,8,0,0,0,0,1,1,1
common_voice_he_38883186,19,19,19,0,0,0,0,1,1,1
common_voice_he_38142074,14,14,14,0,0,0,0,1,1,1
common_voice_he_38142075,10,10,10,0,0,0,0,1,1,1
common_voice_he_38883184,12,12,12,0,0,0,0,1,1,1
common_voice_he_38142078,12,12,12,0,0,0,0,1,1,1
common_voice_he_41617133,9,9,9,0,0,0,0,1,1,1
common_voice_he_41617137,8,8,8,0,0,0,0,1,1,1
common_voice_he_39326862,9,9,9,0,0,0,0,1,1,1
common_voice_he_39327096,6,6,6,0,0,0,0,1,1,1
common_voice_he_39327068,13,13,13,0,0,0,0,1,1,1
common_voice_he_39327081,13,13,13,0,0,0,0,1,1,1
common_voice_he_39659796,9,9,9,0,0,0,0,1,1,1
common_voice_he_39659795,13,13,13,0,0,0,0,1,1,1
common_voice_he_39327085,7,7,7,0,0,0,0,1,1,1
common_voice_he_39327091,11,11,11,0,0,0,0,1,1,1
common_voice_he_39327092,9,9,9,0,0,0,0,1,1,1
common_voice_he_39327093,3,3,3,0,0,0,0,1,1,1
common_voice_he_39327094,9,9,9,0,0,0,0,1,1,1
common_voice_he_39327097,9,9,9,0,0,0,0,1,1,1
common_voice_he_39327119,18,18,18,0,0,0,0,1,1,1
common_voice_he_39327098,8,8,8,0,0,0,0,1,1,1
common_voice_he_39327099,8,8,8,0,0,0,0,1,1,1
common_voice_he_39327100,6,6,6,0,0,0,0,1,1,1
common_voice_he_39327103,9,9,9,0,0,0,0,1,1,1
common_voice_he_39327105,12,12,12,0,0,0,0,1,1,1
common_voice_he_39327107,5,5,5,0,0,0,0,1,1,1
common_voice_he_39327109,6,6,6,0,0,0,0,1,1,1
common_voice_he_39327110,17,17,17,0,0,0,0,1,1,1
common_voice_he_39327112,6,6,6,0,0,0,0,1,1,1
common_voice_he_39327066,18,18,18,0,0,0,0,1,1,1
common_voice_he_39327063,3,3,3,0,0,0,0,1,1,1
common_voice_he_39327051,9,9,9,0,0,0,0,1,1,1
common_voice_he_39327050,7,7,7,0,0,0,0,1,1,1
common_voice_he_39326863,14,14,14,0,0,0,0,1,1,1
common_voice_he_39326864,7,7,7,0,0,0,0,1,1,1
common_voice_he_39326866,13,13,13,0,0,0,0,1,1,1
common_voice_he_39327003,12,12,12,0,0,0,0,1,1,1
common_voice_he_39327004,5,5,5,0,0,0,0,1,1,1
common_voice_he_39327005,15,15,15,0,0,0,0,1,1,1
common_voice_he_39327006,12,12,12,0,0,0,0,1,1,1
common_voice_he_39327007,10,10,10,0,0,0,0,1,1,1
common_voice_he_39327020,10,10,10,0,0,0,0,1,1,1
common_voice_he_39327022,8,8,8,0,0,0,0,1,1,1
common_voice_he_39659797,16,16,16,0,0,0,0,1,1,1
common_voice_he_39327025,11,11,11,0,0,0,0,1,1,1
common_voice_he_39327027,11,11,11,0,0,0,0,1,1,1
common_voice_he_39327033,5,5,5,0,0,0,0,1,1,1
common_voice_he_39327038,7,7,7,0,0,0,0,1,1,1
common_voice_he_39327040,6,6,6,0,0,0,0,1,1,1
common_voice_he_39327047,9,9,9,0,0,0,0,1,1,1
common_voice_he_39327048,10,10,10,0,0,0,0,1,1,1
common_voice_he_39327049,4,4,4,0,0,0,0,1,1,1
common_voice_he_39327118,10,10,10,0,0,0,0,1,1,1
common_voice_he_39327120,5,5,5,0,0,0,0,1,1,1
common_voice_he_40137979,9,9,9,0,0,0,0,1,1,1
common_voice_he_39642815,8,8,8,0,0,0,0,1,1,1
common_voice_he_39327218,10,10,10,0,0,0,0,1,1,1
common_voice_he_39642806,10,10,10,0,0,0,0,1,1,1
common_voice_he_39642807,9,9,9,0,0,0,0,1,1,1
common_voice_he_39642808,6,6,6,0,0,0,0,1,1,1
common_voice_he_39642809,13,13,13,0,0,0,0,1,1,1
common_voice_he_39642810,11,11,11,0,0,0,0,1,1,1
common_voice_he_39642811,9,9,9,0,0,0,0,1,1,1
common_voice_he_39642813,9,9,9,0,0,0,0,1,1,1
common_voice_he_39642814,7,7,7,0,0,0,0,1,1,1
common_voice_he_39642817,13,13,13,0,0,0,0,1,1,1
common_voice_he_39327121,10,10,10,0,0,0,0,1,1,1
common_voice_he_39642818,6,6,6,0,0,0,0,1,1,1
common_voice_he_39642819,9,9,9,0,0,0,0,1,1,1
common_voice_he_39884492,9,9,9,0,0,0,0,1,1,1
common_voice_he_38078769,10,10,10,0,0,0,0,1,1,1
common_voice_he_38078770,6,6,6,0,0,0,0,1,1,1
common_voice_he_43313116,9,9,9,0,0,0,0,1,1,1
common_voice_he_38078772,3,3,3,0,0,0,0,1,1,1
common_voice_he_40137982,7,7,7,0,0,0,0,1,1,1
common_voice_he_40137981,12,12,12,0,0,0,0,1,1,1
common_voice_he_39327217,7,7,7,0,0,0,0,1,1,1
common_voice_he_39327216,13,13,13,0,0,0,0,1,1,1
common_voice_he_39327215,8,8,8,0,0,0,0,1,1,1
common_voice_he_39327214,11,11,11,0,0,0,0,1,1,1
common_voice_he_39327123,12,12,12,0,0,0,0,1,1,1
common_voice_he_39327124,7,7,7,0,0,0,0,1,1,1
common_voice_he_39327125,19,19,19,0,0,0,0,1,1,1
common_voice_he_39327126,4,4,4,0,0,0,0,1,1,1
common_voice_he_39327137,4,4,4,0,0,0,0,1,1,1
common_voice_he_43313120,11,11,11,0,0,0,0,1,1,1
common_voice_he_39327139,7,7,7,0,0,0,0,1,1,1
common_voice_he_39327140,10,10,10,0,0,0,0,1,1,1
common_voice_he_39327141,16,16,16,0,0,0,0,1,1,1
common_voice_he_39327148,15,15,15,0,0,0,0,1,1,1
common_voice_he_39327151,10,10,10,0,0,0,0,1,1,1
common_voice_he_39327181,8,8,8,0,0,0,0,1,1,1
common_voice_he_39327182,9,9,9,0,0,0,0,1,1,1
common_voice_he_39327184,2,2,2,0,0,0,0,1,1,1
common_voice_he_39327185,15,15,15,0,0,0,0,1,1,1
common_voice_he_39327196,8,8,8,0,0,0,0,1,1,1
common_voice_he_39327197,14,14,14,0,0,0,0,1,1,1
common_voice_he_43313118,8,8,8,0,0,0,0,1,1,1
common_voice_he_39327200,7,7,7,0,0,0,0,1,1,1
common_voice_he_43539859,8,8,8,0,0,0,0,1,1,1
TOTAL,9305,9302,9049,223,30,33,29.325,883.540,883.976,883.637
AVERAGE,10.225,10.222,9.944,0.245,0.033,0.036,0.032,0.971,0.971,0.971
